<?xml version="1.0" encoding="UTF-8"?>
<jcr:root xmlns:sling="http://sling.apache.org/jcr/sling/1.0" xmlns:cq="http://www.day.com/jcr/cq/1.0" xmlns:jcr="http://www.jcp.org/jcr/1.0" xmlns:nt="http://www.jcp.org/jcr/nt/1.0"
    jcr:description="BreadCrumbs Design Dialog"
    jcr:primaryType="nt:unstructured"
    jcr:title="BreadCrumbs Design Dialog"
    sling:resourceType="cq/gui/components/authoring/dialog"
    helpPath="en/cq/current/wcm/default_components.html#Breadcrumb">
    <content
        jcr:primaryType="nt:unstructured"
        sling:resourceType="granite/ui/components/foundation/container">
        <layout
            jcr:primaryType="nt:unstructured"
            sling:resourceType="granite/ui/components/foundation/layouts/fixedcolumns"
            margin="{Boolean}false"/>
        <items jcr:primaryType="nt:unstructured">
            <fixedcolums
                jcr:primaryType="nt:unstructured"
                sling:resourceType="granite/ui/components/coral/foundation/fixedcolumns">
                <items jcr:primaryType="nt:unstructured">
                    <properties
                        jcr:primaryType="nt:unstructured"
                        sling:resourceType="granite/ui/components/coral/foundation/container">
                        <items jcr:primaryType="nt:unstructured">
                            <includeHiddenPage
                                jcr:primaryType="nt:unstructured"
                                sling:resourceType="granite/ui/components/coral/foundation/form/checkbox"
                                checked="${not empty cqDesign.includeHiddenPage ? cqDesign.includeHiddenPage : false}"
                                fieldDescription="Include hidden pages in the breadcrumb listing"
                                name="./includeHiddenPage"
                                text="Include Hidden Pages"
                                uncheckedValue="false"
                                value="true"/>
                        </items>
                    </properties>
                </items>
            </fixedcolums>
        </items>
    </content>
</jcr:root>
